dataset_id,name,domain,platform,environment,modalities,access,license_spdx,commercial_use,url,link_check_status,last_checked,notes_short,tags
treescope-agri-forestry-lidar-mapping,TreeScope (agri/forestry LiDAR mapping),agriculture,multi,forest;orchard,lidar;rgb;depth;thermal;imu;gnss,open,CC-BY-NC-SA-4.0,no,https://treescope.org/,OK,2026-02-02,Agri/forestry mapping dataset (TreeScope): UAV flights + ground sensor platform; LiDAR + RGB-D + thermal + GNSS/IMU. License: CC BY-NC-SA 4.0 (see TreeScope site).,agricultures;verger_forêt_arbres
ard-vo-vineyards-olive-groves,ARD-VO (Vineyards & Olive Groves),agriculture,ugv,vineyard;orchard,rgb;imu;gnss,open,CC-BY-NC-SA-3.0,no,https://github.com/isarlab-department-engineering/ARDVO,OK,2026-02-02,ARD-VO dataset for visual odometry in vineyards & olive groves (UGV). License: CC BY-NC-SA 3.0. Repo includes links to download data.,agricultures;agriculture
citrusfarm-dataset,CitrusFarm Dataset,agriculture,ugv,orchard,lidar;rgb;depth;thermal;imu;gnss,open,CC-BY-SA-4.0,yes,https://github.com/UCR-Robotics/Citrus-Farm-Dataset,OK,2026-02-02,Citrus-Farm Dataset (UGV) in citrus groves: LiDAR + RGB/stereo + thermal + GNSS/IMU.,agricultures;agriculture
rosario-dataset-v2,Rosario Dataset v2,agriculture,ugv,agriculture_field,rgb;depth;imu;gnss;pose_gt,open,Unknown,unknown,https://cifasis.github.io/rosariov2/,OK,2026-02-02,"Rosario Dataset v2: UGV runs in a soybean plantation; RealSense D435i (RGB+IR/depth), multiple IMUs, GNSS, wheel/motor odom; optional ground-truth add-on. License not stated on landing page.",agricultures;agriculture_soja
hilti-slam-challenge-2023-handheld-runs,Hilti SLAM Challenge 2023 (handheld runs),industrial,handheld,industrial_site;building_indoor,lidar;rgb;imu,open,CC-BY-NC-SA-3.0,no,https://hilti-challenge.com/dataset-2023,OK_UPDATED_URL,2026-02-02,Hilti SLAM Challenge Dataset 2023 — handheld runs (construction/industrial scenes). Licensed CC BY-NC-SA 3.0.,chantiers;chantier_benchmark
hilti-slam-challenge-2023-robot-runs,Hilti SLAM Challenge 2023 (robot runs),industrial,ugv,industrial_site;building_indoor,lidar;rgb;imu,open,CC-BY-NC-SA-3.0,no,https://hilti-challenge.com/dataset-2023,OK_UPDATED_URL,2026-02-02,Hilti SLAM Challenge Dataset 2023 — robot runs (construction/industrial scenes). Licensed CC BY-NC-SA 3.0.,chantiers;benchmark
boreal-forest-fire-uav-collected-wildfire-detection-smoke-segmentation,Boreal Forest Fire (UAV-collected wildfire detection & smoke segmentation),emergency_response,uav,forest;fire_smoke,rgb,open,CC-BY-4.0,yes,https://etsin.fairdata.fi/dataset/1dce1023-493a-4d63-a906-f2a44f831898,OK_JS_REQUIRED,2026-02-02,Boreal Forest Fire dataset: UAV imagery with wildfire/smoke annotations from Finnish boreal forests (hosted on Fairdata/Etsin).,fire;divers;incendie_drone_dji_phantom_4_rgb
flame-dataset-pile-burn-detection-using-drones,FLAME dataset (pile burn detection using drones),emergency_response,uav,fire_smoke,rgb;thermal,open,CC-BY-4.0,yes,https://experts.nau.edu/en/datasets/the-flame-dataset-aerial-imagery-pile-burn-detection-using-drones-2/,OK,2026-02-02,FLAME dataset (pile-burn): UAV videos + thermal heatmaps; published via IEEE DataPort under CC BY 4.0.,fire;divers;incendie_drone_uav_rgb_masques
fireman-uav-rgbt-wildfire-monitoring-finland,"FireMan-UAV-RGBT (wildfire monitoring, Finland)",emergency_response,uav,fire_smoke,rgb;thermal,open,CC-BY-4.0,yes,https://zenodo.org/records/13732947,OK,2026-02-02,FireMan-UAV-RGBT: UAV-captured RGB + thermal videos from controlled burns (Finland). Zenodo record indicates CC BY 4.0.,fire;divers;incendie_drone_uav_rgb_thermal
wit-uas-dataset-wildland-fire-infrared-thermal,WIT-UAS Dataset (Wildland-fire Infrared Thermal),emergency_response,uav,fire_smoke,thermal,open,Unknown,unknown,https://github.com/castacks/WIT-UAS-Dataset,OK,2026-02-02,WIT-UAS: aerial IR thermal dataset for wildland fire / crew-asset detection. License not clearly stated in repo.,fire;divers;incendie_drone_uas_lwir_thermique
firesense-database-videos-flame-smoke-detection,FIRESENSE database (videos flame & smoke detection),emergency_response,unknown,fire_smoke,rgb,open,CC-BY-4.0,yes,https://zenodo.org/records/836749,OK,2026-02-02,FIRESENSE: annotated videos for flame/smoke detection (Zenodo). License: CC BY 4.0.,smoke;fire;divers;incendie_vidéos_tests_algos_rgb
furg-fire-dataset-non-stationary-video-fire-detection,Furg-Fire Dataset (non-stationary video fire detection),emergency_response,unknown,fire_smoke,rgb,open,CC0-1.0,yes,https://github.com/steffensbola/furg-fire-dataset,OK,2026-02-02,Furg-Fire dataset: non-stationary video fire detection benchmark. GitHub indicates CC0-1.0.,fire;divers;incendie_robot_mobile_cam_embarquée_rgb
hpwren-fire-ignition-library-figlib,HPWREN Fire Ignition Library (FIgLib),wildfire,fixed_sensors,wildland_outdoor,rgb_video;annotations,open,Unknown,unknown,https://wifire-data.sdsc.edu/dataset/hpwren-fire-ignition-library,OK,2026-02-02,WIFIRE/HPWREN Fire Ignition Library; license not specified on portal.,wildfire;camera_network;ignition;hpwren;wifire
deepersense-flc-fls-red-sea-eilat,DeeperSense FLC+FLS (Red Sea / Eilat),marine,auv_rov,marine_underwater,rgb;sonar,open,CC-BY-4.0,yes,https://zenodo.org/records/10373154,OK,2026-02-02,Zenodo record; Forward-Looking Camera (FLC) + Forward-Looking Sonar (FLS).,underwater;sonar;rgb;deepsense;eilat;red_sea
mosaic-under-ice-rov-screenshots,MOSAiC Under-ice ROV screenshots,marine,auv_rov,arctic_under_ice,rgb_images,open,CC-BY-4.0,yes,https://doi.pangaea.de/10.1594/PANGAEA.953166,OK,2026-02-02,MOSAiC under-ice ROV screenshots (PANGAEA DOI).,mosaic;arctic;under_ice;rov;images
noaa-ocean-exploration-video-portal-rov-dives,NOAA Ocean Exploration Video Portal (ROV dives),marine,auv_rov,deep_sea,rgb_video,open,CC0-1.0,yes,https://www.ncei.noaa.gov/access/ocean-exploration/video/,OK_DEGRADED_HEAVY_USAGE,2026-02-02,Portal sometimes rate-limited; NOAA says portal videos are public domain (credit requested).,noaa;ncei;okeanos;rov;deep_sea;video
shipwreck-dataset-lirmm,Shipwreck-Dataset (LIRMM),marine,auv_rov,shipwreck_underwater,rgb_images;sonar;imu;depth,open,Restricted,no,https://www.lirmm.fr/shipwreck-dataset/,OK,2026-02-02,Academic use only per dataset page; download via LIRMM GitLab.,shipwreck;archaeology;rov;sonar;rgb;imu;depth
uwslamdataset,UWslamdataset,marine,multi,marine_underwater,rgb_images;pose,open,CC0-1.0,yes,https://github.com/gidobot/UWslamdataset,OK,2026-02-02,Underwater SLAM dataset (diver + ROV); CC0 stated in repo.,underwater;slam;stereo;rov;diver;cc0
conslam-construction-dataset-for-slam,ConSLAM (construction dataset for SLAM),built_environment,handheld,construction_site,rgb;lidar;imu,open,Restricted,no,https://github.com/mac137/ConSLAM,OK_GITHUB;DATA_LINK_EXTERNAL,2026-02-02,"GitHub repo provides dataset link (external). License: academic use only, all rights reserved.",construction;slam;rosbag;lidar;imu;rgb
google-cartographer-backpack-deutsches-museum,Google Cartographer backpack (Deutsches Museum),built_environment,handheld,indoor_museum,lidar;imu,open,Apache-2.0,yes,https://google-cartographer-ros.readthedocs.io/en/latest/data.html,OK_PAGE;FILES_LARGE,2026-02-02,Cartographer backpack dataset page; data links are large bag files (tool fetch may fail).,cartographer;backpack;indoor;lidar;imu;rosbag;museum
hilti-slam-challenge-dataset-2023,Hilti SLAM Challenge Dataset 2023,built_environment,ground_robot,industrial_indoor,lidar;rgb;imu;depth,open,CC-BY-NC-SA-3.0,no,https://hilti-challenge.com/dataset-2023,OK,2026-02-02,Hilti SLAM Challenge dataset page states CC BY-NC-SA 3.0.,hilti;slam;industrial;warehouse;benchmark
echord-into-the-dirt-barcelona-sewers,Echord++ 'Into the dirt' (Barcelona sewers),infrastructure,multi,sewer_underground,rosbag;rgbd;other_sensors,open,CC-BY-NC-SA-3.0,no,https://robotics.upo.es/datasets/echord/,OK,2026-02-02,SIAR ground robot + ARSI aerial platform; ROS bags; CC BY-NC-SA 3.0 on site.,sewer;underground;inspection;ground_robot;drone;rosbag;barcelona
whu-pa3d-planetary-analogue,WHU-PA3D (planetary analogue),planetary_analogue,ground_robot,outdoor_desert,rgb;lidar,on_request,Unknown,unknown,https://isprs-archives.copernicus.org/articles/XLVIII-2-W5-2025/449/2025/isprs-archives-XLVIII-2-W5-2025-449-2025.pdf,OK_PAPER_ONLY,2026-02-02,ISPRS paper PDF is accessible; dataset download not clearly linked (likely request authors).,planetary;analogue;desert;dataset_paper;whu
aerial-inspection-dataset-mesh-based-mapping,Aerial inspection dataset (mesh_based_mapping),aerial_robotics,uav,outdoor,stereo_rgb;imu,open,GPL-3.0-only,unknown,https://github.com/VIS4ROB-lab/mesh_based_mapping,OK,2026-02-02,Repo includes code + dataset links; license text says GPLv3 for research purposes; check dependencies (Fade2D).,uav;aerial_inspection;mesh;okvis;rosbag;stereo;imu
dtu-wind-turbine-inspection-images-nordtank,DTU wind turbine inspection images (Nordtank),industrial,uav,wind_turbine,rgb_images,open,CC-BY-NC-3.0,no,https://data.mendeley.com/datasets/hd96prn3nc/2,OK,2026-02-02,Mendeley Data. UAV imagery of a wind turbine (DTU). License CC BY-NC 3.0.,uav;inspection;wind_turbine;rgb
fogo-uav-survey-cha-das-caldeiras,Fogo UAV survey (Chã das Caldeiras),planetary_analogue,uav,volcanic_lava_fields,orthomosaic_rgb;dsm;point_cloud;pix4d_report,open,CC-BY-4.0,yes,https://zenodo.org/records/4718520,OK_PAGE;FILES_LARGE,2026-02-02,"Zenodo: DSM + orthomosaics of Chã das Caldeiras lava fields (Fogo, Dec 2016). Keywords include point cloud; large downloads.",uav;volcano;lava_fields;mapping;orthomosaic;dsm
lascar-volcano-products,Lascar volcano products,planetary_analogue,uav,volcanic_edifice,point_cloud_las;thermal_orthomosaic_tif;orthomosaic_tif;dsm_dem,open,CC-BY-4.0,yes,https://zenodo.org/records/17122265,OK,2026-02-02,Zenodo: UAV+Pléiades products at Lascar volcano; includes LAS point clouds and thermal orthomosaics (GeoTIFF).,uav;satellite;volcano;thermal;orthomosaic;point_cloud
shiveluch-volcano-photogrammetry,Shiveluch volcano photogrammetry,planetary_analogue,uav,volcanic_dome,satellite_images;airborne_images;dem;point_cloud;thermal,open,CC-BY-4.0,yes,https://dataservices.gfz-potsdam.de/panmetaworks/showshort.php?id=0088c8a5-b286-11eb-9603-497c92695674,OK_UPDATED_URL,2026-02-02,"GFZ Data Services / panmetaworks: optical satellite + helicopter aerial images, DEM, point clouds, thermal infrared for Shiveluch volcano.",satellite;airborne;volcano;dem;thermal;point_cloud
baseprod,BASEPROD,planetary_analogue,ugv,semi_desert_planetary_analogue,stereo_rgb;rgbd;thermal;imu;gnss_rtk;force_torque;point_cloud;dsm;orthomosaic;mesh;weather;libs,open,Unknown,unknown,https://doi.org/10.57780/esa-xxd1ysw,OK,2026-02-02,BASEPROD (ESA): rover sensor dataset + drone mapping products + LIBS and weather; Bardenas Reales semi-desert analogue site.,planetary_analogue;rover;drone_mapping;stereo;thermal;rtk;libs
cerberus-subt-finals-louisville-mega-cavern,CERBERUS SubT Finals (Louisville Mega Cavern),underground,multi,subterranean_caves_tunnels_urban,stereo_rgb;imu;lidar;ground_truth_3d;rosbag,open,Unknown,unknown,https://github.com/leggedrobotics/cerberus_darpa_subt_datasets,OK_UPDATED_URL,2026-02-02,CERBERUS (DARPA SubT): dataset links for stereo images + synchronized IMU/LiDAR and ground-truth structure (ETH research collection).,darpa_subt;underground;anymal;stereo;lidar;imu;ground_truth
darpa-subt-urban-circuit-reference-dataset,DARPA SubT Urban Circuit reference dataset,underground,ugv,tunnels_urban_underground,lidar_ouster_os1_64;stereo;multisense_sl;co2_sensor;rosbag;ground_truth_support,open,Unknown,unknown,https://github.com/subtchallenge/tunnel_urban_reference_datasets,OK_UPDATED_URL,2026-02-02,DARPA SubT Tunnel/Urban reference datasets: PackBot/Husky with Ouster OS1-64 + Multisense SL (stereo+lidar) + CO2; rosbags hosted on AWS S3.,darpa_subt;tunnel;urban;ouster;multisense;rosbag;ground_truth
geode-dataset-metro-tunnels-tunneling-etc,GEODE dataset (Metro_Tunnels_Tunneling etc.),underground,ugv,degenerate_slam_scenarios,lidar_vlp16;lidar_os1_64;lidar_livox_avia;stereo_cameras;imu_xsens;rosbag;calibration;ground_truth,open,Unknown,unknown,https://github.com/PengYu-Team/GEODE_dataset,OK_GITHUB;DATA_LINK_EXTERNAL,2026-02-02,GEODE: multi-LiDAR (VLP-16 / OS1-64 / Livox AVIA) + stereo cameras + Xsens IMU; data provided as ROS1 bags via Google Drive / Baidu.,lidar_slam;degenerate;rosbag;stereo;imu;ground_truth
mars-2020-perseverance-mastcam-z-navcam-hazcam-bundles,Mars 2020 Perseverance (Mastcam-Z/Navcam/Hazcam bundles),planetary_analogue,ugv,mars_surface,mastcamz_images_edr;rdr;multispectral;stereo,open,Unknown,unknown,https://pds.nasa.gov/ds-view/pds/viewBundle.jsp?identifier=urn%3Anasa%3Apds%3Amars2020_mastcamz&version=2.0,OK_UPDATED_URL,2026-02-02,NASA PDS bundle page for Mars 2020 Mastcam-Z (Perseverance): EDR/RDR data products; DOI listed on PDS.,nasa;pds;mars2020;perseverance;mastcamz;images
ballast-water-tank-dataset-ntnu,Ballast Water Tank Dataset (NTNU),marine,multi,ship_ballast_tanks,lidar_os0_64;camera_flir_blackfly;color_and_mono;imu_vn100;radar_iwr6843;rosbag,open,Unknown,unknown,https://github.com/ntnu-arl/ballast_water_tank_dataset,OK_GITHUB;DATA_LINK_EXTERNAL,2026-02-02,"Ballast Water Tank Dataset: collected in ballast tanks (3 vessels) with aerial robot RMF-Owl and handheld 'Mjolnir'; sensors include Ouster OS0-64, FLIR Blackfly S cameras, Vectornav VN100 IMU, TI radar.",industrial;marine;confined_space;ouster;flir;imu;radar;inspection
buried-pipes-dataset-sheffield-orda,Buried pipes dataset (Sheffield ORDA),infrastructure,unknown,buried_pipes,lidar;camera;time_sync,unknown,Unknown,unknown,https://orda.shef.ac.uk/articles/dataset/Feature_Detection_and_Classification_in_Buried_Pipes_using_LiDAR_Dataset_with_Camera-LiDAR_Synchronisation/29988058,NEEDS_MANUAL_CHECK,2026-02-02,ORDA link was blocked by the checker tool (likely anti-bot). Dataset appears to be LiDAR + camera with synchronization for buried pipe inspection; please verify access manually.,pipes;underground;lidar;camera;infrastructure
fusionportablev2,FusionPortableV2,built_environment,multi,mixed_indoor_outdoor,lidar;stereo_rgb;event_camera;imu;gnss_ins;wheel_encoder;joint_encoders;contact;ground_truth_poses;ground_truth_map_pcd;rosbag,open,Unknown,unknown,https://fusionportable.github.io/dataset/fusionportable_v2/,OK_UPDATED_URL,2026-02-02,"FusionPortable V2: multi-sensor dataset (rosbags) + ground-truth maps/poses + calibration; sensors include LiDAR, stereo, event camera, IMU, GNSS/INS and encoders. Data page: /fusionportable_v2_data/ (Google Drive).",multi_sensor;handheld;legged;vehicle;event_camera;lidar;ground_truth;rosbag
ice-lapse-antarctic-benthic-imagery,ICE-LAPSE Antarctic benthic imagery,marine,underwater_observing_system (stationary),underwater (antarctic),rgb,open,CC-BY-4.0,yes,https://zenodo.org/records/7318531,OK,2026-02-02,Time-lapse benthic imagery (stationary underwater observing system).,underwater;benthic;antarctica;time_lapse;stationary
lroc-nac-wac-lunar-reconnaissance-orbiter,LROC NAC/WAC (Lunar Reconnaissance Orbiter),space,orbiter,lunar_orbit,optical_imagery (panchro/color),open,CC0-1.0,yes,https://pds.nasa.gov/ds-view/pds/viewProfile.jsp?dsid=LRO-L-LROC-2-EDR-V1.0,OK_UPDATED_URL,2026-02-02,PDS LROC EDR: NAC (panchro) + WAC (color). Public domain (US).,space;moon;orbiter;optical
min3d-project-riese-wwii-walim,"MIN3D (Project Riese WWII, Walim)",underground,ugv,underground tunnels + campus,rgb;stereo;thermal;lidar;imu;gt_pointcloud,open,CC-BY-NC-SA-4.0,no,https://github.com/3DOM-FBK/MIN3D,OK,2026-02-02,Multi-sensor UGV mapping: monocular/stereo/thermal + 2 LiDAR + 3 IMU; GT pointclouds via survey TLS.,underground;ugv;lidar;thermal;wwii;slam
mine-mapping-dataset-shaft-300m,Mine Mapping Dataset (shaft -300m),underground,handheld mapping rig,mine_shaft (vertical),lidar;imu,open,NOASSERTION,unknown,https://michalpelka.github.io/mine-mapping-dataset/,OK,2026-02-02,Mine shaft mapping rosbags (Velodyne + Livox + IMU). No explicit license found on the dataset pages/repo.,underground;mine_shaft;lidar;imu;rosbag
mineinsight-demining-landmine-detection,MineInsight (demining / landmine detection),demining,ugv (Husky A200 + UR5e),outdoor_offroad,rgb;mono;swir;lwir;lidar,open,CC-BY-NC-SA-4.0,no,https://github.com/mariomlz99/MineInsight,OK,2026-02-02,Demining dataset (Husky A200 + UR5e). Sensors: RGB/mono/VIS-SWIR/LWIR + LiDAR.,demining;ugv;multispectral;lidar;outdoor
morocco2018-madmax-arches,Morocco2018 (MADMAX / ARCHES),planetary_analogue,rover_navigation dataset,mars_analogue desert (Morocco),stereo_mono;rgb;omni;imu;dgnss_gt,registration (academic),LicenseRef-academic-only,no,https://datasets.arches-projekt.de/morocco2018/,OK,2026-02-02,MADMAX: Mars-analogue navigation experiments. Free for academic use; registration required; full rosbags on request.,mars_analogue;visual_inertial;stereo;omni;imu;gnss_gt
nebula-odometry-dataset,NeBula Odometry Dataset,underground,"multi-robot (DARPA SubT, CoSTAR)",caves/tunnels/industrial plants,lidar;imu,open,MIT,yes,https://github.com/NeBula-Autonomy/nebula-odometry-dataset,OK,2026-02-02,Extreme underground odometry/SLAM datasets used by Team CoSTAR (DARPA SubT).,underground;darpa_subt;slam;lidar_odometry
osiris-rex-bennu-ocams-ola,OSIRIS-REx Bennu (OCAMS + OLA),space,spacecraft (asteroid mission),asteroid (Bennu) proximity,optical;lidar_altimetry,open,CC0-1.0,yes,https://pds-smallbodies.astro.umd.edu/data_sb/missions/orex/index.shtml,OK_UPDATED_URL,2026-02-02,PDS SBN mission page aggregating OCAMS (images) + OLA (laser altimeter) bundles. Public domain (US).,space;asteroid;bennu;ocams;ola;pds
oxford-robotcar-dataset,Oxford RobotCar Dataset,urban_driving,car,"urban (Oxford, UK)",rgb;lidar2d;lidar3d;gps_ins,registration,CC-BY-NC-SA-4.0,no,https://robotcar-dataset.robots.ox.ac.uk/,OK,2026-02-02,Multi-sensor car dataset (Oxford). Non-commercial ShareAlike license.,urban;autonomous_driving;car;oxford;multisensor
oxford-spires-dataset,Oxford Spires Dataset,urban_mapping,handheld/backpack,"urban (Oxford, UK)",lidar;rgb360;imu;gnss,open,CC-BY-NC-SA-4.0,no,https://dynamic.robots.ox.ac.uk/datasets/oxford-spires/,OK,2026-02-02,Handheld/backpack dataset around Oxford ‘dreaming spires’ buildings (Ouster LiDAR + 360 imagery + IMU/GNSS).,urban;handheld;backpack;lidar;360;oxford
robocup-rosbag-dataset-tiago,RoboCup ROSbag dataset (TIAGo),service_robotics,ugv (TIAGo),indoor (RoboCup@Home),rosbag,open,CC-BY-4.0,yes,https://zenodo.org/records/13902513,OK,2026-02-02,Zenodo: ROSbag recordings from RoboCup (TIAGo). Metadata sparse on Zenodo page.,robocup;service_robot;tiago;rosbag
sew-multimodal-amr-dataset-2025,SEW Multimodal AMR dataset 2025,industrial_intralogistics,amr,indoor (industrial/warehouse),rgb;thermal;radar;ultrasonic;tof_pointcloud;laser_range,open,CC-BY-SA-4.0,yes,https://github.com/SEW-Eurodrive-Open-Source/Multimodal_AMR_dataset,OK,2026-02-02,SEW AMR dataset: RGB+thermal + radar/ultrasonic + ToF point clouds + laser scanner ranges. ShareAlike.,amr;industrial;multimodal;warehouse
subt-environment-dataset-ltu-360,SubT environment dataset (LTU) + 360,underground,"multi-robot (DARPA SubT, CoSTAR)",caves/tunnels/industrial plants,lidar;rgb-d;thermal;uwb;imu;360_video,open,CC-BY-4.0,yes,https://zenodo.org/records/6948960,OK,2026-02-02,DARPA SubT env. dataset (CoSTAR/LTU): LiDAR + RealSense RGB-D + thermal + UWB (+ IMU) and 360 video.,subt;underground;lidar;rgbd;thermal;uwb;360
tiers-multi-lidar-dataset-enhanced,TIERS multi-lidar dataset (enhanced),built_environment,handheld mapping rig,indoor/outdoor (GNSS-denied),multi_lidar;rgb;depth;imu;ground_truth;rosbag,open,MIT,yes,https://github.com/TIERS/tiers-lidars-dataset-enhanced,OK_GITHUB;DATA_LINK_EXTERNAL,2026-02-02,Multi-LiDAR dataset repo (MIT). Dataset downloads are linked from the repo (external hosting).,lidar;multilidar;gnss-denied;mapping;rosbag
tartanground-simulation,TartanGround (simulation),general,simulation,simulated outdoor offroad + urban,stereo_rgb;depth;segmentation;optical_flow;lidar;imu;pose_gt,open,CC-BY-4.0,yes,https://tartanair.org/tartanground/,OK,2026-02-02,TartanGround (simulation): stereo RGB + depth/flow/segm + LiDAR + IMU + GT poses.,simulation;offroad;stereo;lidar;depth;opticalflow
uas-competition-rosbags-maze-obstacle,UAS competition rosbags (maze / obstacle),aerial_robotics,uav (simulation+real),"PX4-Gazebo sim + real flights (PURT, Indiana, US)",rosbag;lidar;imu;gps;telemetry;rgb_video,open,CC-BY-NC-4.0,no,https://huggingface.co/datasets/Purdue/UAV-Competition-Dataset/tree/main,OK_UPDATED_URL,2026-02-02,ROSbag dataset for UAV Chase + Maze challenges (sim-to-real). Paper: PMC12410569 (CC BY-NC 4.0).,uav;rosbag;lidar;imu;gps;competition;px4;gazebo
uma-sar-dataset,UMA-SAR dataset,emergency_response,ugv,outdoor urban disaster response,lidar;rgb;thermal;gps;imu;pose_gt,open,NOASSERTION,no,https://www.uma.es/robotics-and-mechatronics/cms/menu/robotica-y-mecatronica/datasets/,OK_UPDATED_URL,2026-02-02,UMA-SAR: logs in simulated disaster environments; site states for research use (property of UMA).,sar;disaster;ugv;lidar;thermal
underground-mining-shaft-survey-multi-lidar-imu,Underground Mining Shaft Survey (multi-LiDAR+IMU),underground,ground_vehicle (mapping rig),mine_shaft (vertical),multi_lidar;imu;ground_truth (laser scans);rosbag,open,NOASSERTION,unknown,https://michalpelka.github.io/mine-mapping-dataset/,OK,2026-02-02,"Mine Mapping Dataset: vertical mine-shaft survey with ROSbags, multi-LiDAR/IMU and reference laser scans.",mine;shaft;lidar;imu;rosbag
wrc-sewer-inspection-image-library,WRC sewer inspection image library,infrastructure,cctv sewer inspection,sewer / underground infrastructure,rgb_images;defect_labels,registration,NOASSERTION,unknown,https://www.wrcgroup.com/headlines/bite-sized-views/new-world-first-for-wrc-with-ofwat-funded-ai-sewer-assessment-tool/,NEEDS_MANUAL_CHECK,2026-02-02,WRC article points to a free-to-download sewer image library hosted on the Spring platform; portal access/terms unclear.,sewer;infrastructure;inspection;defects;images
upo-into-the-smoke-nix,UPO 'Into the smoke' (NIx),emergency_response,ugv (tracked),underground indoor smoke (reduced visibility),rosbag;rgb;lidar;radar;odometry;tf;pose_gt,open,CC-BY-NC-SA-3.0,no,https://robotics.upo.es/datasets/smoke/,OK,2026-02-02,"NIx tracked robot in smoke-filled underground indoor scenario. Sensors: RGB cams + Ouster LiDAR + mmWave RADAR (+ odom/TF, GT).",smoke;low-visibility;radar;lidar;rosbag
flobot-perception-dataset,FLOBOT perception dataset,service_robotics,amr (floor scrubber),airport/warehouse/supermarket (public spaces),rosbag;3d_lidar;2d_lidar;rgb-d;stereo;imu;wheel_encoder;pose_gt;annotations,open,CC-BY-NC-SA-4.0,no,https://lcas.github.io/FLOBOT/,OK,2026-02-02,"FLOBOT floor-scrubber ROSbags: 3D LiDAR + 2x RGB-D + stereo + IMU/encoders, with annotations (pedestrian/dirt/object).",flobot;service_robotics;rosbag;rgbd;lidar;annotations
fieldsafe-tractor-agriculture-dataset,FieldSAFE (tractor agriculture dataset),agriculture,tractor (sensor rig),agriculture field mowing (Denmark),rosbag;stereo_rgb;thermal;webcam;360_camera;lidar;radar;gnss;imu;ground_truth,open,CC-BY-NC-SA-4.0,no,https://theailab.dk/fieldsafe/,OK,2026-02-02,"FieldSAFE ROSbags (tractor): stereo + thermal + 360 + LiDAR + RADAR + GNSS/IMU, with obstacle GT (geo coords).",agriculture;tractor;fieldsafe;rosbag;lidar;radar;thermal;360
hirise-stereo-pairs-mro,HiRISE stereo pairs (MRO),space,orbiter (MRO),mars_orbit,stereo_images;camera_metadata,open,NOASSERTION,unknown,http://hirise-pds.lpl.arizona.edu/PDS/,OK_UPDATED_URL,2026-02-02,HiRISE PDS archive directory (MRO) with downloadable image products (incl. stereo coverage).,hirise;mro;mars;pds;stereo
inspecsafe-v1,InspecSafe-V1,industrial,unknown,industrial inspection (synthetic/unknown),images;annotations,open,MIT,yes,https://huggingface.co/datasets/Tetrabot2026/InspecSafe-V1,OK,2026-02-02,InspecSafe-V1 on Hugging Face (MIT).,inspection;safety;dataset;hf
m2dgr-dataset,M2DGR dataset,industrial,unknown,building_indoor,lidar;imu,open,MIT,yes,https://github.com/SJTU-ViSYS/M2DGR,OK,2026-02-02,Moins 'infréquentable' mais très riche,divers;indoor_outdoor
underwater-caves-dataset-udg-cirs,Underwater caves dataset (UdG/CIRS),marine,auv,cave;marine_underwater,sonar;camera;imu;dvl;depth;odometry,open,NOASSERTION,unknown,https://cirs.udg.edu/caves-dataset/,OK,2026-02-02,AUV en grottes sous-marines (2013) : 2 sonars MSIS + DVL + 2 IMU + capteur de profondeur + caméra verticale; rosbags + exports texte sur Zenodo.,marine;underwater_caves;auv;rosbag
c3vd-colonoscopy-3d-video-dataset,C3VD (Colonoscopy 3D Video Dataset),medical,endoscope,medical,rgb;depth;normals;optical_flow;pose_gt;mesh,open,CC-BY-4.0,yes,https://durrlab.github.io/C3VD/,OK_UPDATED_URL,2026-02-02,Vidéos de colonoscopie + vérités terrain par frame (depth/normals/flow/occlusion/pose/mesh). La page C3VDv2 indique une licence CC BY 4.0 couvrant le site/dataset.,medical;endoscopy;depth_gt;pose_gt
endoslam-dataset,EndoSLAM Dataset,medical,unknown,medical,rgb;pose_gt,unknown,CC-BY-4.0,yes,https://data.mendeley.com/datasets/cd2rtzm23r/1,OK,2026-02-02,Monde non rigide,ground_truth;medical;endoscopie_capsule
hamlyn-rectified-dataset,Hamlyn Rectified Dataset,medical,unknown,medical,rgb;depth,open,GPL-3.0-or-later,yes,https://huggingface.co/datasets/Recasens/HamlynRectifiedDataset,OK,2026-02-02,Licence GPL sur HF (selon discussion),medical;endoscopie
kvasir-capsule,Kvasir-Capsule,medical,capsule_endoscope,medical,rgb,open,NOASSERTION,restricted,https://github.com/simula/kvasir-capsule,OK,2026-02-02,"Dataset images capsule endoscopique. Les Terms of Use indiquent un usage gratuit pour recherche/éducation, mais usage commercial uniquement sur demande (permission).",medical;capsule_endoscopy;classification
stereomis-da-vinci-xi,StereoMIS (da Vinci Xi),medical,surgical_robot,medical,stereo_rgb;poses;segmentation?;calibration,open,CC-BY-NC-SA-4.0,no,https://zenodo.org/records/7727692,OK,2026-02-02,Dataset chirurgie robotisée (da Vinci Xi) sur Zenodo — licence CC BY-NC-SA 4.0.,medical;surgical_robotics;stereo
ntnu-underwater-multi-camera-visual-inertial-dataset,NTNU Underwater multi-camera visual-inertial dataset,marine,rov,indoor_test_tank;pipeline,multi_camera;imu,open,BSD-3-Clause,yes,https://github.com/ntnu-arl/underwater-datasets,OK,2026-02-02,Dataset visuel-inertiel multi-caméras en milieu sous-marin (NTNU ARL) — repo GitHub (BSD-3-Clause).,marine;underwater;multi_camera;vio
darpa-subt-tunnel-circuit-reference-dataset,DARPA SubT Tunnel Circuit reference dataset,underground,ugv,tunnel,lidar;stereo;thermal?;imu;co2,open,NOASSERTION,unknown,https://github.com/subtchallenge/tunnel_urban_reference_datasets,OK_LARGE_FILES,2026-02-02,"Référence DARPA SubT (Tunnel/Urban circuits). Fichiers listés via S3 (rosbags, etc.) — la licence n’est pas explicitement indiquée dans le repo.",subt;underground;tunnel;rosbag
marble-subt-finals-kentucky-mega-cavern,MARBLE SubT Finals (Kentucky Mega Cavern),underground,ugv,cave,lidar;rgb;imu,unknown,Apache-2.0,yes,https://arpg.github.io/marble/,OK,2026-02-02,Très bon candidat 'méga-grotte' ; rosbags + vidéos,réseaux_souterrains;exploration_souterraine_subt
chilean-underground-mine-dataset-amtc,Chilean Underground Mine Dataset (AMTC),underground,ugv,mine,stereo_rgb;lidar_3d;radar_2d;wheel_encoders;rosbag,open,NOASSERTION,unknown,https://dataset.amtc.cl/,OK,2026-02-02,"Dataset mine (Husky A200) : stéréo (Bumblebee XB3), lidar 3D Riegl VZ-400, radar 2D FMCW, encodeurs; téléchargement via FTP + rosbags.",underground;mine;husky;lidar;radar;stereo
leica-blk-arc-sample-datasets-spot-trolley-slam,Leica BLK ARC sample datasets (Spot/Trolley SLAM),indoor_mapping,slam_cart_or_spot,building_indoor,lidar_slam,unknown,NOASSERTION,unknown,https://shop.leica-geosystems.com/au/leica-blk/blk-arc/dataset-downloads,OK_PARTIAL,2026-02-02,"Page Leica BLK ARC 'dataset downloads' visible, mais liens de téléchargement pas clairement exposés (probable login/JS).",lidar;slam;mobile_mapping;leica
robotic-lava-tube-mapping-4tu-tu-delft,Robotic Lava Tube Mapping (4TU/TU Delft),planetary_analogue,quadruped,lava_tube_cave,rgb;lidar;video;slam_posegraph;mesh;env_sensors,open,CC-BY-4.0,yes,https://data.4tu.nl/datasets/778253cc-3193-4f66-bc13-03b80380424e/1,OK_UPDATED_URL,2026-02-02,"Terrestrial lava-tube analogue (Sicily) for Rhizome 2.0/Mars habitat research; includes floor photos, phone 3D scans (OBJ), LiDAR point clouds, FPV video, SLAM maps/posegraphs, and synced temperature/humidity/light logs.",cave;lidar;quadruped;planetary_analogue;slam
subsurfacegeorobo-mine-d-argent-freiberg,SubSurfaceGeoRobo (mine d'argent Freiberg),underground,ugv,mine,radar;3d_lidar;2d_lidar;rgb;depth;imu;rosbag;calibration;pointcloud_gt,open,CC-BY-4.0,yes,https://doi.pangaea.de/10.1594/PANGAEA.975532,OK,2026-02-02,"Collected Sept 2024 in Freiberg silver mine (Germany) with a UGV; radars, 3D LiDAR, RGB+depth cameras, IMU, and 2D laser scanners in bag files; includes joint sensor calibration and a RIEGL ground-truth point cloud (<2 mm accuracy).",mine;slam;lidar;radar;calibration
tajogaite-volcano-drone-dataset-la-palma-2021,Tajogaite volcano drone dataset (La Palma 2021),aerial_robotics,uav,volcano,rgb;dem;timelapse;sar_radar;georeferenced,open,CC-BY-4.0,yes,https://zenodo.org/records/7401045,OK,2026-02-02,"Tajogaite/Cumbre Vieja (La Palma) 2021: DJI drone surveys (orthos/DEMs), time‑lapse camera records, and COSMO‑SkyMed SAR amplitude data; ~54 GB.",volcano;drone;photogrammetry;timelapse;sar
goose-goose-ex-inclut-spot,GOOSE / GOOSE-Ex (inclut Spot),urban_outdoor,multi,offroad_outdoor,rgb;nir;lidar;ins_gnss;semantic_labels;rosbag,open,CC-BY-SA-4.0,yes,https://goose-dataset.de/,OK_UPDATED_URL,2026-02-02,"GOOSE (German Outdoor & Offroad) dataset/spec: annotated LiDAR point clouds + pixel-wise RGB/NIR segmentation masks + accurate localization; multi-platform (MuCAR-3 off-road vehicle, ALICE, Spot; additional excavator data via GOOSE‑Ex).",offroad;segmentation;lidar;rgb;nir;rosbag
kimera-multi-data-campus-tunnels-etc,Kimera-Multi-Data (Campus Tunnels etc.),built_environment,ugv,campus_indoor_outdoor,rgb-d;stereo;imu;3d_lidar;wheel_odometry;rosbag;pose_gt;pointcloud_gt,request,MIT,yes,https://github.com/MIT-SPARK/Kimera-Multi-Data,OK_UPDATED_URL,2026-02-02,Multi-robot SLAM dataset on MIT campus with Clearpath Jackal rovers (Realsense D455 RGB‑D + Velodyne/Ouster LiDAR); Outdoor/Tunnels/Hybrid splits; compressed rosbags (rosbags via request form) + GT trajectories and reference point cloud (GPS + total-station-assisted LiDAR SLAM).,multi-robot;slam;rosbag;lidar;rgbd;indoor
m2p2-low-light-multimodal-off-road,M2P2 (low-light multimodal off-road),terrestrial,ground_vehicle,offroad_low_light,thermal;event_camera;stereo_rgb;imu;gps;lidar;rosbag,open,CC0-1.0,yes,https://dataverse.orc.gmu.edu/dataset.xhtml?persistentId=doi%3A10.13021%2Forc2020%2FSP577T,OK_UPDATED_URL,2026-02-02,"M2P2: extreme low-light off-road dataset (rosbags) with thermal + event + stereo RGB, IMU/GPS, and LiDAR used for ground truth; hosted on GMU Dataverse (CC0).",low_light;thermal;event_camera;offroad;rosbag
nclt-north-campus-long-term,NCLT (North Campus Long-Term),urban_mapping,ground_vehicle (segway robot),campus_outdoor,omni_rgb;3d_lidar;2d_lidar;gps;imu;odometry;pose_gt,open,CC-BY-NC-4.0,no,https://deepblue.lib.umich.edu/data/concern/data_sets/h128nf37h?locale=en,OK,2026-02-02,"NCLT: long-term dataset collected by a Segway robot on the University of Michigan North Campus; omnidirectional imagery, 3D+planar LiDAR, GPS and proprioceptive sensors for odometry, plus ground-truth pose (distribution via Globus).",long_term;campus;mapping;lidar;odometry;noncommercial
